{
  "project_info": {
    "project_number": "387266784860",
    "project_id": "login-firebase-register-4c88e",
    "storage_bucket": "login-firebase-register-4c88e.appspot.com"
  },
  "client": [
    {
      "client_info": {
        "mobilesdk_app_id": "1:387266784860:android:93283c21ff3429a2b84099",
        "android_client_info": {
          "package_name": "com.example.myapplication"
        }
      },
      "oauth_client": [
        {
          "client_id": "387266784860-ldi3uj74htureqpr7r81pi3eh43dbc7n.apps.googleusercontent.com",
          "client_type": 3
        }
      ],
      "api_key": [
        {
          "current_key": "AIzaSyAaRuCPXNZ7F_Pgm5pp0iCO6jx59fhgBrE"
        }
      ],
      "services": {
        "appinvite_service": {
          "other_platform_oauth_client": [
            {
              "client_id": "387266784860-ldi3uj74htureqpr7r81pi3eh43dbc7n.apps.googleusercontent.com",
              "client_type": 3
            }
          ]
        }
      }
    }
  ],
  "configuration_version": "1"
}